{
  "structural": {
    "method": "structural_sparsification",
    "n_degenerate_groups": 64279,
    "n_edges_zeroed": 308160,
    "n_edges_total": 434112,
    "frac_zero": 0.7250870743034056,
    "connectivity_r2_vs_gt": 0.10471558570861816,
    "W_nonzero_mean": 0.2702556550502777,
    "W_nonzero_std": 0.4272792637348175,
    "rollout_r2_final": 0.943568229675293,
    "rollout_pearson_final": 0.9738538265228271,
    "rollout_r2_min": 0.7333875894546509,
    "target_met": false
  },
  "structural_calibrated": {
    "method": "structural_calibrated",
    "n_degenerate_groups": 64279,
    "n_edges_zeroed": 308160,
    "n_edges_total": 434112,
    "frac_zero": 0.7250870743034056,
    "connectivity_r2_vs_gt": 0.39392024278640747,
    "rollout_r2_final": 0.982639729976654,
    "rollout_pearson_final": 0.991291344165802,
    "rollout_r2_min": 0.8567054867744446,
    "target_met": false
  }
}