{
  "config": "flyvis_noise_005",
  "n_seeds": 5,
  "n_edges": 434112,
  "n_neurons": 13741,
  "seed_ids": [
    0,
    1,
    2,
    3,
    4
  ],
  "seed_r2": [
    0.9337690472602844,
    0.9692408442497253,
    0.9683904647827148,
    0.9670614004135132,
    0.9721038341522217
  ],
  "mean_r2": 0.9755332469940186,
  "median_r2": 0.9777060747146606,
  "improvement_vs_best": 0.003429412841796875,
  "per_edge_std_mean": 0.0073762983083724976,
  "per_edge_std_median": 0.002446490339934826,
  "per_edge_std_p95": 0.02746441587805748,
  "null_svd_singular_values": [
    23.16929054260254,
    13.32349681854248,
    11.350447654724121,
    8.983642578125,
    1.3417880836641416e-05
  ],
  "null_svd_var_explained": [
    0.5810514688491821,
    0.19214342534542084,
    0.13944889605045319,
    0.08735626190900803,
    1.948753793968097e-13
  ],
  "n_robust_edges": 108528,
  "n_degen_edges": 108528,
  "r2_robust_edges": 0.8302088975906372,
  "r2_degen_edges": 0.9766707420349121
}