{
  "svd_90|noise-free": {
    "r2_W": 0.0716164733174608,
    "pearson": 0.9594779311418533
  },
  "svd_95|noise-free": {
    "r2_W": 0.10722427797947898,
    "pearson": 0.955307331264019
  },
  "svd_99|noise-free": {
    "r2_W": 0.22634136881398592,
    "pearson": 0.9462461422681808
  },
  "svd_100|noise-free": {
    "r2_W": 0.9908129165581626,
    "pearson": 1.000000007867813
  },
  "ridge|noise-free": {
    "r2_W": 0.8786155701040209,
    "pearson": 0.9999461205005645
  },
  "cv_ridge|noise-free": {
    "r2_W": 0.9906901452515636,
    "pearson": 1.0000000084638596
  },
  "svd_90|noise-005": {
    "r2_W": 0.08500108589711364,
    "pearson": 0.9590680458545685
  },
  "svd_95|noise-005": {
    "r2_W": 0.1409891127765015,
    "pearson": 0.9582800849080085
  },
  "svd_99|noise-005": {
    "r2_W": 0.328770903090419,
    "pearson": 0.9714577828645706
  },
  "svd_100|noise-005": {
    "r2_W": 0.99086782294075,
    "pearson": 1.0000000078082085
  },
  "ridge|noise-005": {
    "r2_W": 0.989291938356403,
    "pearson": 0.9999951489567757
  },
  "cv_ridge|noise-005": {
    "r2_W": 0.9908638591239322,
    "pearson": 1.0000000064969063
  },
  "svd_90|noise-05": {
    "r2_W": 0.33640236398741574,
    "pearson": 0.8875738600492478
  },
  "svd_95|noise-05": {
    "r2_W": 0.4831855602845868,
    "pearson": 0.9640587333440781
  },
  "svd_99|noise-05": {
    "r2_W": 0.8413609741051662,
    "pearson": 0.9964157526493073
  },
  "svd_100|noise-05": {
    "r2_W": 0.9999999999999979,
    "pearson": 1.000000009894371
  },
  "ridge|noise-05": {
    "r2_W": 0.9989956531614813,
    "pearson": 0.9999995555281639
  },
  "cv_ridge|noise-05": {
    "r2_W": 0.9999999999628003,
    "pearson": 1.0000000091195107
  }
}