{
  "null_dim": 308160,
  "pct_edges": 70.98628925254312,
  "n_edges": 434112,
  "n_degenerate_types": 52,
  "n_identifiable_types": 11,
  "n_no_outgoing_types": 2,
  "identifiable_type_names": [
    "R1",
    "L3",
    "Mi1",
    "Mi4",
    "Mi9",
    "Mi10",
    "Mi11",
    "Mi12",
    "Mi13",
    "T1",
    "Tm9"
  ],
  "no_outgoing_type_names": [
    "Lawf2",
    "Tm5b"
  ],
  "type_results": {
    "1": {
      "name": "R2",
      "conn_r2": 0.942099471013068,
      "pearson_r": 0.9999942786097527,
      "ok": true
    },
    "2": {
      "name": "R3",
      "conn_r2": 0.9672132352805579,
      "pearson_r": 0.9999612568616867,
      "ok": true
    },
    "3": {
      "name": "R4",
      "conn_r2": 0.7407636524036452,
      "pearson_r": 0.9958453998565674,
      "ok": true
    },
    "4": {
      "name": "R5",
      "conn_r2": 0.9921366153693468,
      "pearson_r": 0.999944904923439,
      "ok": true
    },
    "5": {
      "name": "R6",
      "conn_r2": 0.999538743642782,
      "pearson_r": 1.0000000024437905,
      "ok": true
    },
    "6": {
      "name": "R7",
      "conn_r2": 0.9987286744141503,
      "pearson_r": 1.0000000012516976,
      "ok": true
    },
    "7": {
      "name": "R8",
      "conn_r2": 0.8993036375485182,
      "pearson_r": 0.999844063937664,
      "ok": true
    },
    "8": {
      "name": "L1",
      "conn_r2": 0.7274903048733952,
      "pearson_r": 0.9846468187570572,
      "ok": true
    },
    "9": {
      "name": "L2",
      "conn_r2": 0.6170649477729935,
      "pearson_r": 0.9982809716463089,
      "ok": true
    },
    "11": {
      "name": "L4",
      "conn_r2": 0.9961336743397646,
      "pearson_r": 0.9987234292626381,
      "ok": true
    },
    "12": {
      "name": "L5",
      "conn_r2": 0.733232410108182,
      "pearson_r": 0.9921752198338508,
      "ok": true
    },
    "13": {
      "name": "Lawf1",
      "conn_r2": 0.9966813464357093,
      "pearson_r": 0.9999786853790283,
      "ok": true
    },
    "15": {
      "name": "Am",
      "conn_r2": 0.9512166509703355,
      "pearson_r": 0.9998772958517075,
      "ok": true
    },
    "16": {
      "name": "C2",
      "conn_r2": 0.9269521567241438,
      "pearson_r": 0.9996706644892692,
      "ok": true
    },
    "17": {
      "name": "C3",
      "conn_r2": 0.9999999999904949,
      "pearson_r": 1.0000000034570693,
      "ok": true
    },
    "18": {
      "name": "CT1(Lo1)",
      "conn_r2": 1.0,
      "pearson_r": 1.0000000017881394,
      "ok": true
    },
    "19": {
      "name": "CT1(M10)",
      "conn_r2": 0.8773536960781727,
      "pearson_r": 0.9990597727298737,
      "ok": true
    },
    "21": {
      "name": "Mi2",
      "conn_r2": 0.9145864594779314,
      "pearson_r": 0.9793715721964836,
      "ok": true
    },
    "22": {
      "name": "Mi3",
      "conn_r2": 0.937547548251501,
      "pearson_r": 0.9982713755965232,
      "ok": true
    },
    "29": {
      "name": "Mi14",
      "conn_r2": 0.9649309591054184,
      "pearson_r": 0.9998656495213508,
      "ok": true
    },
    "30": {
      "name": "Mi15",
      "conn_r2": 0.8710494877023891,
      "pearson_r": 0.998830884039402,
      "ok": true
    },
    "32": {
      "name": "T2",
      "conn_r2": 0.9692354545261751,
      "pearson_r": 0.9958665271401406,
      "ok": true
    },
    "33": {
      "name": "T2a",
      "conn_r2": 0.9687578264439702,
      "pearson_r": 0.9997171965241433,
      "ok": true
    },
    "34": {
      "name": "T3",
      "conn_r2": 0.9664461661941454,
      "pearson_r": 0.9994774163365364,
      "ok": true
    },
    "35": {
      "name": "T4a",
      "conn_r2": 0.9668399553516333,
      "pearson_r": 0.9988918721675872,
      "ok": true
    },
    "36": {
      "name": "T4b",
      "conn_r2": 0.9904326521175223,
      "pearson_r": 0.9990024772882462,
      "ok": true
    },
    "37": {
      "name": "T4c",
      "conn_r2": 0.9875264702703117,
      "pearson_r": 0.9990630309581756,
      "ok": true
    },
    "38": {
      "name": "T4d",
      "conn_r2": 0.9778077158284556,
      "pearson_r": 0.9992395388484001,
      "ok": true
    },
    "39": {
      "name": "T5a",
      "conn_r2": 0.9975052871829277,
      "pearson_r": 0.9999368453621864,
      "ok": true
    },
    "40": {
      "name": "T5b",
      "conn_r2": 0.9977026067745948,
      "pearson_r": 0.999929500579834,
      "ok": true
    },
    "41": {
      "name": "T5c",
      "conn_r2": 0.9903337410265641,
      "pearson_r": 0.9996147879958153,
      "ok": true
    },
    "42": {
      "name": "T5d",
      "conn_r2": 0.9915792998576265,
      "pearson_r": 0.9994457362890243,
      "ok": true
    },
    "43": {
      "name": "Tm1",
      "conn_r2": 0.7381083977429059,
      "pearson_r": 0.9998732457160949,
      "ok": true
    },
    "44": {
      "name": "Tm2",
      "conn_r2": 0.9328898410478709,
      "pearson_r": 0.9997323443889617,
      "ok": true
    },
    "45": {
      "name": "Tm3",
      "conn_r2": 0.8140779494136963,
      "pearson_r": 0.9994141604304314,
      "ok": true
    },
    "46": {
      "name": "Tm4",
      "conn_r2": 0.9945469384626858,
      "pearson_r": 0.9999689778089523,
      "ok": true
    },
    "47": {
      "name": "Tm5Y",
      "conn_r2": 0.9999999998983706,
      "pearson_r": 1.0000000017881394,
      "ok": true
    },
    "48": {
      "name": "Tm5a",
      "conn_r2": 0.9694159304179437,
      "pearson_r": 0.9995932027697563,
      "ok": true
    },
    "50": {
      "name": "Tm5c",
      "conn_r2": 0.28233699576333815,
      "pearson_r": 0.9979377726912498,
      "ok": true
    },
    "52": {
      "name": "Tm16",
      "conn_r2": 0.9899007487213838,
      "pearson_r": 0.9999251964092255,
      "ok": true
    },
    "53": {
      "name": "Tm20",
      "conn_r2": 0.9966245318496506,
      "pearson_r": 0.9999553436040878,
      "ok": true
    },
    "54": {
      "name": "Tm28",
      "conn_r2": 0.7525872348610907,
      "pearson_r": 0.9934879959225654,
      "ok": true
    },
    "55": {
      "name": "Tm30",
      "conn_r2": 0.5658336617292378,
      "pearson_r": 0.9970830845832824,
      "ok": true
    },
    "56": {
      "name": "TmY3",
      "conn_r2": 0.998281974195423,
      "pearson_r": 0.999994366645813,
      "ok": true
    },
    "57": {
      "name": "TmY4",
      "conn_r2": 0.99310529296532,
      "pearson_r": 0.9999806212186814,
      "ok": true
    },
    "58": {
      "name": "TmY5a",
      "conn_r2": 0.940936143593698,
      "pearson_r": 0.9998072038292884,
      "ok": true
    },
    "59": {
      "name": "TmY9",
      "conn_r2": 0.9516768884324919,
      "pearson_r": 0.9989535347223282,
      "ok": true
    },
    "60": {
      "name": "TmY10",
      "conn_r2": 0.9722781769005612,
      "pearson_r": 0.94069560277462,
      "ok": true
    },
    "61": {
      "name": "TmY13",
      "conn_r2": 0.9942149856378214,
      "pearson_r": 0.9999929152131081,
      "ok": true
    },
    "62": {
      "name": "TmY14",
      "conn_r2": 0.9709824826141675,
      "pearson_r": 0.022762350310571493,
      "ok": true
    },
    "63": {
      "name": "TmY15",
      "conn_r2": 0.9719200710966494,
      "pearson_r": 0.9997547459602356,
      "ok": true
    },
    "64": {
      "name": "TmY18",
      "conn_r2": 0.9934042017280718,
      "pearson_r": 0.9998881622552872,
      "ok": true
    }
  },
  "sparse_sum_preserving": {
    "method": "sum_preserving",
    "n_edges_zeroed": 308160,
    "n_edges_total": 434112,
    "frac_zeroed": 0.7098628925254312,
    "conn_r2": 0.10471559496117266,
    "rollout_pearson_r": 0.9533617995381355,
    "rollout_conn_r2": 0.10471559496117266
  },
  "sparse_calibrated": {
    "method": "calibrated",
    "n_edges_zeroed": 308160,
    "n_edges_total": 434112,
    "frac_zeroed": 0.7098628925254312,
    "conn_r2": 0.39392024987027296,
    "rollout_pearson_r": 0.9767705366015434,
    "rollout_conn_r2": 0.39392024987027296
  }
}